condition,run_id,correctness,methodology,structure,robustness,reproducibility,efficiency,documentation,composite,decision_style,adaptive_sampling,n_red_flags,judge_cost_usd
L2-cursor,20260919T055817Z,2,3,3,3,2,3,2,2.57,heuristic-hardcoded,genuine,3,0.0858
L2-cursor,20260919T060833Z,4,4,4,4,4,4,4,4.0,deterministic,genuine,2,0.0725
L2-cursor,20260919T061920Z,3,3,4,3,2,3,2,2.86,heuristic-hardcoded,genuine,3,0.0702
L2-dspy,20260919T055817Z,4,3,4,4,4,3,4,3.71,deterministic,genuine,2,0.1209
L2-dspy,20260919T055817Z-2,3,2,4,4,3,4,4,3.43,heuristic-hardcoded,genuine,3,0.1247
L2-dspy,20260919T061334Z,2,2,4,3,3,4,3,3.0,deterministic,genuine,3,0.1189
L2-pi,20260919T055817Z,3,2,4,3,2,4,2,2.86,heuristic-hardcoded,genuine,3,0.0722
L2-pi,20260919T060558Z,2,3,3,3,2,4,2,2.71,heuristic-hardcoded,genuine,3,0.0723
L2-pi,20260919T061439Z,3,3,4,3,2,3,2,2.86,heuristic-hardcoded,genuine,3,0.0798
L2-ursa,20260919T055817Z,1,2,3,3,3,4,2,2.57,heuristic-hardcoded,none,3,0.1614
L2-ursa,20260919T055817Z-2,2,2,4,4,3,3,2,2.86,heuristic-hardcoded,genuine,4,0.1556
L2-ursa,20260919T223721Z,,,,,,,,,,,0,
L3-cursor,20260919T043726Z,3,4,4,4,4,2,4,3.57,deterministic,genuine,2,0.093
L3-cursor,20260919T050413Z,3,2,4,4,2,3,2,2.86,heuristic-hardcoded,genuine,3,0.0883
L3-cursor,20260919T051309Z,4,4,4,4,4,3,4,3.86,deterministic,genuine,2,0.0905
L3-dspy,20260919T043726Z,3,3,4,4,2,3,3,3.14,deterministic,genuine,3,0.1664
L3-dspy,20260919T050413Z,3,4,4,4,3,3,4,3.57,deterministic,genuine,3,0.1151
L3-dspy,20260919T050413Z-2,3,3,4,4,3,2,2,3.0,deterministic,genuine,3,0.1202
L3-pi,20260919T043726Z,3,2,4,3,4,2,3,3.0,deterministic,genuine,4,0.1063
L3-pi,20260919T050413Z,4,4,4,3,4,3,4,3.71,deterministic,genuine,1,0.0918
L3-pi,20260919T051309Z,4,4,4,4,4,3,4,3.86,deterministic,genuine,3,0.0909
L3-ursa,20260919T043726Z,2,2,3,3,2,2,2,2.29,deterministic,none,2,0.0896
L3-ursa,20260919T050413Z,2,2,4,3,3,3,3,2.86,heuristic-hardcoded,genuine,3,0.1696
L3-ursa,20260919T050413Z-2,2,2,4,3,3,3,2,2.71,deterministic,genuine,4,0.1779
