tag,condition,run_id,replicate,round,n_acquired,criterion_classes,criterion_source,criterion_text,val_rel_l2,baseline_rel_l2,val_over_baseline,met_stop_threshold,evidence_grounded,decision,reason_coverage
matrix-v4-20260919,L2-cursor,20260919T055817Z,1,1,0,residual_ucb|space_filling|uncertainty_gp,round_log,auto(residual_ucb if available else gp_variance/maximin),,0.4255556345170676,,,False,continue,
matrix-v4-20260919,L2-cursor,20260919T055817Z,1,2,0,residual_ucb|space_filling|uncertainty_gp,round_log,auto(residual_ucb if available else gp_variance/maximin),,0.4099844668699389,,,False,continue,
matrix-v4-20260919,L2-cursor,20260919T055817Z,1,3,0,residual_ucb|space_filling|uncertainty_gp,round_log,auto(residual_ucb if available else gp_variance/maximin),,0.3710778658253418,,,False,stop_unexplained,
matrix-v4-20260919,L2-cursor,20260919T060833Z,2,1,0,feasibility|uncertainty|uncertainty_gp,round_log,uncertainty (PCA-GP variance + feasibility weighting),,,,,False,continue,
matrix-v4-20260919,L2-cursor,20260919T060833Z,2,2,0,feasibility|uncertainty|uncertainty_gp,round_log,uncertainty (PCA-GP variance + feasibility weighting),,,,,False,continue,
matrix-v4-20260919,L2-cursor,20260919T060833Z,2,3,0,feasibility|uncertainty|uncertainty_gp,round_log,uncertainty (PCA-GP variance + feasibility weighting),,,,,False,stop_unexplained,
matrix-v4-20260919,L2-cursor,20260919T061920Z,3,1,0,,round_log,campaign_model,0.19320420939875796,0.4755147328445209,0.4063,False,True,continue,
matrix-v4-20260919,L2-cursor,20260919T061920Z,3,2,0,,round_log,campaign_model,0.23956453707832534,0.5822971482783846,0.4114,False,True,continue,
matrix-v4-20260919,L2-cursor,20260919T061920Z,3,3,0,,round_log,campaign_model,0.21541592213289784,0.532846808654886,0.4043,False,True,stop_without_threshold,
matrix-v4-20260919,L2-cursor,20260919T062726Z,4,1,0,,round_log,auto,0.2310892472362208,0.5340015296782894,0.4328,False,True,continue,
matrix-v4-20260919,L2-cursor,20260919T062726Z,4,2,0,,round_log,auto,0.23853230351878557,0.6148988955375619,0.3879,False,True,continue,
matrix-v4-20260919,L2-cursor,20260919T062726Z,4,3,0,,round_log,auto,0.24038698581748003,0.578724548275704,0.4154,False,True,stop_without_threshold,
matrix-v4-20260919,L2-cursor,20260919T063457Z,5,1,0,,round_log,auto,0.2056022551215254,0.5171017674668448,0.3976,False,True,continue,
matrix-v4-20260919,L2-cursor,20260919T063457Z,5,2,0,,round_log,auto,0.24122231582885661,0.5671834036924228,0.4253,False,True,continue,
matrix-v4-20260919,L2-cursor,20260919T063457Z,5,3,0,,round_log,auto,0.228878567363306,0.5664939531876821,0.404,False,True,stop_without_threshold,
matrix-v4-20260919,L2-dspy,20260919T055817Z,2,1,0,random|residual_ucb|space_filling|uncertainty,report_strategy,Pilot: uniform random (>=20). Initial: Sobol space-filling (<=150). Adaptive: residual-UCB acquisition (up to 3 rounds x 100 attempts) with early stopping on validation error.,0.3906847099501301,0.5376972704293059,0.7266,False,True,continue,
matrix-v4-20260919,L2-dspy,20260919T055817Z,2,2,0,random|residual_ucb|space_filling|uncertainty,report_strategy,Pilot: uniform random (>=20). Initial: Sobol space-filling (<=150). Adaptive: residual-UCB acquisition (up to 3 rounds x 100 attempts) with early stopping on validation error.,0.4379361017248039,0.5376972704293059,0.8145,False,True,continue,
matrix-v4-20260919,L2-dspy,20260919T055817Z,2,3,0,random|residual_ucb|space_filling|uncertainty,report_strategy,Pilot: uniform random (>=20). Initial: Sobol space-filling (<=150). Adaptive: residual-UCB acquisition (up to 3 rounds x 100 attempts) with early stopping on validation error.,0.385416209648423,0.5376972704293059,0.7168,False,True,stop_without_threshold,
matrix-v4-20260919,L2-dspy,20260919T055817Z,1,1,300,residual_ucb|uncertainty,report_strategy,"Sobol initial design (<=150) + residual-UCB adaptive sampling up to 3 rounds x 100 attempts, early-stopped by validation error ratio <= 0.30 vs mean-map baseline.",0.29031394966665724,0.508318412791714,0.5711,False,True,continue,0.0
matrix-v4-20260919,L2-dspy,20260919T055817Z,1,2,300,residual_ucb|uncertainty,report_strategy,"Sobol initial design (<=150) + residual-UCB adaptive sampling up to 3 rounds x 100 attempts, early-stopped by validation error ratio <= 0.30 vs mean-map baseline.",0.2654256710953293,0.508318412791714,0.5222,False,True,continue,0.0
matrix-v4-20260919,L2-dspy,20260919T055817Z,1,3,300,residual_ucb|uncertainty,report_strategy,"Sobol initial design (<=150) + residual-UCB adaptive sampling up to 3 rounds x 100 attempts, early-stopped by validation error ratio <= 0.30 vs mean-map baseline.",0.2483721831284059,0.508318412791714,0.4886,False,True,stop_without_threshold,0.0
matrix-v4-20260919,L2-dspy,20260919T061334Z,3,1,100,feasibility|uncertainty|uncertainty_gp,round_log,"uncertainty; gp_variance; GP-variance acquisition: 100 points from a 4096-point Sobol pool; 8 PCA components (0.8639 explained variance), per-component ARD-RBF GPs fit on 150 successful solves; greedy",0.282455944279711,0.49138510085005294,0.5748,False,True,continue,1.0
matrix-v4-20260919,L2-dspy,20260919T061334Z,3,2,100,feasibility|residual_ucb|uncertainty,round_log,"residual_ucb; Residual-UCB acquisition: 100 points from a 4096-point Sobol pool; error model = ARD-RBF GP on log OOF residuals of winner 'kernel_ridge' (250 samples, 4-fold); beta=1.0; feasibility wei",0.2238707963782002,0.49138510085005294,0.4556,False,True,continue,1.0
matrix-v4-20260919,L2-dspy,20260919T061334Z,3,3,100,feasibility|residual_ucb|uncertainty,round_log,"residual_ucb; Residual-UCB acquisition: 100 points from a 4096-point Sobol pool; error model = ARD-RBF GP on log OOF residuals of winner 'kernel_ridge' (350 samples, 4-fold); beta=1.0; feasibility wei",0.2220718122240167,0.49138510085005294,0.4519,False,True,stop_without_threshold,1.0
matrix-v4-20260919,L2-dspy,20260919T062235Z,4,1,200,feasibility|residual_ucb|uncertainty,round_log,"auto; residual_ucb; Residual-UCB acquisition: 100 points from a 4096-point Sobol pool; error model = ARD-RBF GP on log OOF residuals of winner 'kernel_ridge' (150 samples, 4-fold); beta=1.0; feasibili",,,,,False,continue,1.0
matrix-v4-20260919,L2-dspy,20260919T062235Z,4,2,200,feasibility|residual_ucb|uncertainty,round_log,"auto; residual_ucb; Residual-UCB acquisition: 100 points from a 4096-point Sobol pool; error model = ARD-RBF GP on log OOF residuals of winner 'kernel_ridge' (250 samples, 4-fold); beta=1.0; feasibili",,,,,False,continue,1.0
matrix-v4-20260919,L2-dspy,20260919T062235Z,4,3,200,feasibility|residual_ucb|uncertainty,round_log,"auto; residual_ucb; Residual-UCB acquisition: 100 points from a 4096-point Sobol pool; error model = ARD-RBF GP on log OOF residuals of winner 'kernel_ridge' (350 samples, 4-fold); beta=1.0; feasibili",,,,,False,stop_unexplained,1.0
matrix-v4-20260919,L2-dspy,20260919T062801Z,5,1,500,uncertainty_ensemble,report_strategy,"Initial Sobol (<=150) + held-out validation; then up to 3 adaptive rounds x 100 attempts each, acquisition = latent mean-abs + beta*ensemble-std (PCA-ridge ensemble), with early stopping at val <= 0.3",0.4060467530943216,0.5094035185215844,0.7971,False,True,continue,0.0
matrix-v4-20260919,L2-dspy,20260919T062801Z,5,2,300,uncertainty_ensemble,report_strategy,"Initial Sobol (<=150) + held-out validation; then up to 3 adaptive rounds x 100 attempts each, acquisition = latent mean-abs + beta*ensemble-std (PCA-ridge ensemble), with early stopping at val <= 0.3",0.38695849903037777,0.5094035185215844,0.7596,False,True,continue,0.0
matrix-v4-20260919,L2-dspy,20260919T062801Z,5,3,300,uncertainty_ensemble,report_strategy,"Initial Sobol (<=150) + held-out validation; then up to 3 adaptive rounds x 100 attempts each, acquisition = latent mean-abs + beta*ensemble-std (PCA-ridge ensemble), with early stopping at val <= 0.3",0.408246036214649,0.5094035185215844,0.8014,False,True,stop_without_threshold,0.0
matrix-v4-20260919,L2-dspy,20260920T040327Z,7,1,400,space_filling|uncertainty_ensemble,report_strategy,Initial LHS space-filling + up to 3 adaptive rounds (committee disagreement in PCA space; early stopping by validation error threshold),0.3923940362059941,0.5440317236366639,0.7213,False,True,continue,0.0
matrix-v4-20260919,L2-dspy,20260920T040327Z,7,2,400,space_filling|uncertainty_ensemble,report_strategy,Initial LHS space-filling + up to 3 adaptive rounds (committee disagreement in PCA space; early stopping by validation error threshold),0.3425686751260285,0.5440317236366639,0.6297,False,True,continue,0.0
matrix-v4-20260919,L2-dspy,20260920T040327Z,7,3,400,space_filling|uncertainty_ensemble,report_strategy,Initial LHS space-filling + up to 3 adaptive rounds (committee disagreement in PCA space; early stopping by validation error threshold),0.32557999779662666,0.5440317236366639,0.5985,False,True,stop_without_threshold,0.0
matrix-v4-20260919,L2-dspy,20260920T040327Z,6,1,200,space_filling,report_strategy,Pilot gate (>=20). Initial space-filling design (150) + 3 adaptive rounds (100 each). Acquisition logged in logs/acquisition_log.jsonl. Storage validation on reload for every batch. Final surrogate: P,0.3267416233519647,0.4601270919140921,0.7101,False,True,continue,0.0
matrix-v4-20260919,L2-dspy,20260920T040327Z,6,2,100,space_filling,report_strategy,Pilot gate (>=20). Initial space-filling design (150) + 3 adaptive rounds (100 each). Acquisition logged in logs/acquisition_log.jsonl. Storage validation on reload for every batch. Final surrogate: P,0.3569391073825404,0.4601270919140921,0.7757,False,True,continue,0.0
matrix-v4-20260919,L2-dspy,20260920T040327Z,6,3,100,space_filling,report_strategy,Pilot gate (>=20). Initial space-filling design (150) + 3 adaptive rounds (100 each). Acquisition logged in logs/acquisition_log.jsonl. Storage validation on reload for every batch. Final surrogate: P,0.39352787978781667,0.4601270919140921,0.8553,False,True,stop_without_threshold,0.0
matrix-v4-20260919,L2-dspy,20260920T042457Z,8,1,500,feasibility|residual_ucb|uncertainty,round_log,"residual_ucb; Residual-UCB acquisition: 100 points from a 4096-point Sobol pool; error model = ARD-RBF GP on log OOF residuals of winner 'kernel_ridge' (150 samples, 4-fold); beta=1.0; feasibility wei",,,,,False,continue,1.0
matrix-v4-20260919,L2-dspy,20260920T042457Z,8,2,500,feasibility|residual_ucb|uncertainty,round_log,"residual_ucb; Residual-UCB acquisition: 100 points from a 4096-point Sobol pool; error model = ARD-RBF GP on log OOF residuals of winner 'kernel_ridge' (250 samples, 4-fold); beta=1.0; feasibility wei",,,,,False,continue,1.0
matrix-v4-20260919,L2-dspy,20260920T042457Z,8,3,500,feasibility|residual_ucb|uncertainty,round_log,"residual_ucb; Residual-UCB acquisition: 100 points from a 4096-point Sobol pool; error model = ARD-RBF GP on log OOF residuals of winner 'kernel_ridge' (350 samples, 4-fold); beta=1.0; feasibility wei",,,,,False,stop_unexplained,1.0
matrix-v4-20260919,L2-dspy,20260920T042722Z,9,1,0,,report_strategy,Initial design + 3x adaptive acquisition via autotokamak.data.acquire; final surrogate is KRR on PCA coefficients.,0.3003133420214375,0.48962288715874597,0.6134,False,True,continue,
matrix-v4-20260919,L2-dspy,20260920T042722Z,9,2,0,,report_strategy,Initial design + 3x adaptive acquisition via autotokamak.data.acquire; final surrogate is KRR on PCA coefficients.,0.2403236157461119,0.48962288715874597,0.4908,False,True,continue,
matrix-v4-20260919,L2-dspy,20260920T042722Z,9,3,0,,report_strategy,Initial design + 3x adaptive acquisition via autotokamak.data.acquire; final surrogate is KRR on PCA coefficients.,0.22634469790431186,0.48962288715874597,0.4623,False,True,stop_without_threshold,
matrix-v4-20260919,L2-dspy,20260920T043113Z,10,1,200,space_filling,report_strategy,initial space-filling + adaptive acquisition rounds (see acquisition log),,0.49032723558159375,,,False,continue,0.0
matrix-v4-20260919,L2-dspy,20260920T043113Z,10,2,100,space_filling,report_strategy,initial space-filling + adaptive acquisition rounds (see acquisition log),,0.49032723558159375,,,False,stop_unexplained,0.0
matrix-v4-20260919,L2-pi,20260919T055817Z,1,1,0,feasibility|residual_ucb|uncertainty,round_log,"residual_ucb; Residual-UCB acquisition: 100 points from a 4096-point Sobol pool; error model = ARD-RBF GP on log OOF residuals of winner 'kernel_ridge' (150 samples, 4-fold); beta=1.0; feasibility wei",,,,,False,continue,
matrix-v4-20260919,L2-pi,20260919T055817Z,1,2,0,feasibility|residual_ucb|uncertainty,round_log,"residual_ucb; Residual-UCB acquisition: 100 points from a 4096-point Sobol pool; error model = ARD-RBF GP on log OOF residuals of winner 'kernel_ridge' (250 samples, 4-fold); beta=1.0; feasibility wei",,,,,False,continue,
matrix-v4-20260919,L2-pi,20260919T055817Z,1,3,0,feasibility|residual_ucb|uncertainty,round_log,"residual_ucb; Residual-UCB acquisition: 100 points from a 4096-point Sobol pool; error model = ARD-RBF GP on log OOF residuals of winner 'kernel_ridge' (350 samples, 4-fold); beta=1.0; feasibility wei",,,,,False,stop_unexplained,
matrix-v4-20260919,L2-pi,20260919T060558Z,2,1,0,feasibility|random|residual_ucb|uncertainty|uncertainty_gp,report_strategy,"pilot(20 uniform) + initial(130 LHS) + active rounds(100 each via autotokamak.data.acquire: round1 gp-variance, later residual-UCB when available); feasibility-weighted candidate pools",0.1897403562314669,0.47301736756795104,0.4011,False,True,continue,
matrix-v4-20260919,L2-pi,20260919T060558Z,2,2,0,feasibility|random|residual_ucb|uncertainty|uncertainty_gp,report_strategy,"pilot(20 uniform) + initial(130 LHS) + active rounds(100 each via autotokamak.data.acquire: round1 gp-variance, later residual-UCB when available); feasibility-weighted candidate pools",0.19085491128368443,0.4846072277698083,0.3938,False,True,continue,
matrix-v4-20260919,L2-pi,20260919T060558Z,2,3,0,feasibility|random|residual_ucb|uncertainty|uncertainty_gp,report_strategy,"pilot(20 uniform) + initial(130 LHS) + active rounds(100 each via autotokamak.data.acquire: round1 gp-variance, later residual-UCB when available); feasibility-weighted candidate pools",0.18611823730502544,0.5040082871744821,0.3693,False,True,stop_without_threshold,
matrix-v4-20260919,L2-pi,20260919T061439Z,3,1,0,residual_ucb|space_filling|uncertainty|uncertainty_gp,report_strategy,"150-point Sobol initial design (first 20 used as pilot) + up to 3 adaptive rounds of 100 each; acquisition via autotokamak.data.acquire (auto: residual-UCB when possible, else PCA-GP variance/maximin)",0.2846245543261594,0.5571152053086941,0.5109,False,True,continue,
matrix-v4-20260919,L2-pi,20260919T061439Z,3,2,0,residual_ucb|space_filling|uncertainty|uncertainty_gp,report_strategy,"150-point Sobol initial design (first 20 used as pilot) + up to 3 adaptive rounds of 100 each; acquisition via autotokamak.data.acquire (auto: residual-UCB when possible, else PCA-GP variance/maximin)",0.26770813489762035,0.5529132155602925,0.4842,False,True,continue,
matrix-v4-20260919,L2-pi,20260919T061439Z,3,3,0,,round_log,round_cap,0.23485254245417436,0.5508227283866616,0.4264,False,True,stop_without_threshold,
matrix-v4-20260919,L2-pi,20260919T062656Z,4,1,0,feasibility|uncertainty_gp,round_log,"gp_variance; GP-variance acquisition: 100 points from a 4096-point Sobol pool; 8 PCA components (0.8547 explained variance), per-component ARD-RBF GPs fit on 120 successful solves; greedy batch with e",0.2170946255220278,0.4709420165390826,0.461,False,True,continue,
matrix-v4-20260919,L2-pi,20260919T062656Z,4,2,0,feasibility|residual_ucb|uncertainty,round_log,"residual_ucb; Residual-UCB acquisition: 100 points from a 4096-point Sobol pool; error model = ARD-RBF GP on log OOF residuals of winner 'kernel_ridge' (220 samples, 4-fold); beta=1.0; feasibility wei",0.21317680096069638,0.48910957998532884,0.4358,False,True,continue,
matrix-v4-20260919,L2-pi,20260919T062656Z,4,3,0,feasibility|residual_ucb|uncertainty,round_log,"residual_ucb; Residual-UCB acquisition: 100 points from a 4096-point Sobol pool; error model = ARD-RBF GP on log OOF residuals of winner 'kernel_ridge' (320 samples, 4-fold); beta=1.0; feasibility wei",0.21563731635599098,0.48829100429429656,0.4416,False,True,stop_without_threshold,
matrix-v4-20260919,L2-pi,20260919T063307Z,5,1,100,feasibility|uncertainty_gp,report_strategy,Initial Sobol design (150 total; first 20 used as pilot gate) + up to 3 adaptive rounds of 100 points via autotokamak.data.acquire PCA-GP variance acquisition with feasibility weighting.,0.19924705647488095,0.5291131480291806,0.3766,False,True,continue,0.0
matrix-v4-20260919,L2-pi,20260919T063307Z,5,2,100,feasibility|uncertainty_gp,report_strategy,Initial Sobol design (150 total; first 20 used as pilot gate) + up to 3 adaptive rounds of 100 points via autotokamak.data.acquire PCA-GP variance acquisition with feasibility weighting.,0.18732206348221264,0.5300214186623056,0.3534,False,True,continue,0.0
matrix-v4-20260919,L2-pi,20260919T063307Z,5,3,100,feasibility|uncertainty_gp,report_strategy,Initial Sobol design (150 total; first 20 used as pilot gate) + up to 3 adaptive rounds of 100 points via autotokamak.data.acquire PCA-GP variance acquisition with feasibility weighting.,0.18501867370651368,0.5287019057304521,0.3499,False,True,stop_without_threshold,0.0
matrix-v4-20260919,L2-ursa,20260919T055817Z,1,1,0,uncertainty,report_strategy,"Initial 150-point LHS in 5D bounds (deduped, excluding val/test); then 3 adaptive rounds of 100 points each using a PCA-GP posterior-variance (UCB beta=0) acquisition from a 2048-point Sobol candidate",0.1563775304556759,0.5034446384296795,0.3106,False,True,continue,
matrix-v4-20260919,L2-ursa,20260919T055817Z,1,2,0,uncertainty,report_strategy,"Initial 150-point LHS in 5D bounds (deduped, excluding val/test); then 3 adaptive rounds of 100 points each using a PCA-GP posterior-variance (UCB beta=0) acquisition from a 2048-point Sobol candidate",,,,,False,continue,
matrix-v4-20260919,L2-ursa,20260919T055817Z,1,3,0,uncertainty,report_strategy,"Initial 150-point LHS in 5D bounds (deduped, excluding val/test); then 3 adaptive rounds of 100 points each using a PCA-GP posterior-variance (UCB beta=0) acquisition from a 2048-point Sobol candidate",,,,,False,stop_unexplained,
matrix-v4-20260919,L2-ursa,20260920T040328Z,3,1,0,uncertainty_gp,round_log,gp_variance,,,,,False,continue,
matrix-v4-20260919,L2-ursa,20260920T040328Z,3,2,0,uncertainty_gp,round_log,gp_variance,,,,,False,continue,
matrix-v4-20260919,L2-ursa,20260920T040328Z,3,3,0,uncertainty_gp,round_log,gp_variance,,,,,False,stop_unexplained,
matrix-v4-20260919,L2-ursa,20260920T040328Z,4,1,0,residual_ucb|space_filling|uncertainty,report_strategy,initial space-filling (150) + up to 3 adaptive rounds (100 each) using residual-UCB acquisition; surrogate trained with PCA(25)+KRR(RBF),0.2828340821237093,0.5249032298328465,0.5388,False,True,continue,
matrix-v4-20260919,L2-ursa,20260920T040328Z,4,2,0,residual_ucb|space_filling|uncertainty,report_strategy,initial space-filling (150) + up to 3 adaptive rounds (100 each) using residual-UCB acquisition; surrogate trained with PCA(25)+KRR(RBF),0.2828340821237093,0.5249032298328465,0.5388,False,True,continue,
matrix-v4-20260919,L2-ursa,20260920T040328Z,4,3,0,residual_ucb|space_filling|uncertainty,report_strategy,initial space-filling (150) + up to 3 adaptive rounds (100 each) using residual-UCB acquisition; surrogate trained with PCA(25)+KRR(RBF),0.2828340821237093,0.5249032298328465,0.5388,False,True,stop_without_threshold,
matrix-v4-20260919,L3-cursor,20260919T043726Z,1,1,200,space_filling|uncertainty|uncertainty_ensemble,report_strategy,Initial Latin-hypercube (<=150) + 1 adaptive round (100) using MC-dropout PCA-coefficient uncertainty with diversity bonus; remaining rounds skipped after meeting validation threshold.,0.07374475506917395,0.5981460355362493,0.1233,True,True,stop_threshold_met,0.0
matrix-v4-20260919,L3-cursor,20260919T050413Z,2,1,100,uncertainty_ensemble,round_log,maximized MC-dropout variance over LCFS interior,0.07404085137527065,0.4674817100766455,0.1584,True,True,stop_threshold_met,1.0
matrix-v4-20260919,L3-cursor,20260919T051309Z,3,1,100,random|uncertainty_ensemble,round_log,Maximize ensemble disagreement (mean std) in PCA coefficient predictions from a random candidate pool.,0.06689319680376259,0.5199535429776172,0.1287,True,True,stop_threshold_met,1.0
matrix-v4-20260919,L3-cursor,20260919T052456Z,4,1,100,uncertainty|uncertainty_ensemble,round_log,MC-dropout uncertainty on psi inside LCFS,0.039126264959300744,0.5317269609874816,0.0736,True,True,stop_threshold_met,1.0
matrix-v4-20260919,L3-cursor,20260919T053427Z,5,1,0,uncertainty_ensemble,report_strategy,150-point Latin hypercube + up to 3x100 adaptive rounds using ensemble disagreement (mean pixel variance) acquisition.,0.1509775828197321,0.46903833331531486,0.3219,False,True,continue,
matrix-v4-20260919,L3-cursor,20260919T053427Z,5,2,0,uncertainty_ensemble,report_strategy,150-point Latin hypercube + up to 3x100 adaptive rounds using ensemble disagreement (mean pixel variance) acquisition.,0.1439171913493007,0.5038184838005584,0.2857,True,True,stop_threshold_met,
matrix-v4-20260919,L3-dspy,20260919T043726Z,1,1,105,uncertainty|uncertainty_ensemble,round_log,Selected among candidate pool by highest MC-dropout predictive std (mean over grid); mc_dropout_mean_std,0.7984293432902434,0.4951474646833603,1.6125,False,True,continue,1.0
matrix-v4-20260919,L3-dspy,20260919T043726Z,1,2,100,uncertainty|uncertainty_ensemble,round_log,Selected among candidate pool by highest MC-dropout predictive std (mean over grid); mc_dropout_mean_std,0.2026428790510725,0.5693518240949988,0.3559,False,True,continue,1.0
matrix-v4-20260919,L3-dspy,20260919T043726Z,1,3,100,uncertainty|uncertainty_ensemble,round_log,Selected among candidate pool by highest MC-dropout predictive std (mean over grid); mc_dropout_mean_std,0.1862554998490512,0.5765851594070514,0.323,False,True,stop_without_threshold,1.0
matrix-v4-20260919,L3-dspy,20260919T050413Z,3,1,3,uncertainty|uncertainty_ensemble,round_log,Select top predictive-uncertainty candidates to reduce surrogate uncertainty.; mc_dropout_latent_var(mc=6),0.1674712719550273,0.560949986317994,0.2985,True,True,stop_threshold_met,1.0
matrix-v4-20260919,L3-dspy,20260919T050413Z,2,1,200,uncertainty|uncertainty_ensemble,round_log,Selected among candidate_pool by highest MC-dropout predictive variance on finite(mean_psi) mask.; mc_dropout_mean_pixel_variance,0.20866654556725156,0.4624348215694308,0.4512,False,True,continue,1.0
matrix-v4-20260919,L3-dspy,20260919T050413Z,2,2,100,uncertainty|uncertainty_ensemble,round_log,Selected among candidate_pool by highest MC-dropout predictive variance on finite(mean_psi) mask.; mc_dropout_mean_pixel_variance,0.22862503479977372,0.510768351619069,0.4476,False,True,continue,1.0
matrix-v4-20260919,L3-dspy,20260919T050413Z,2,3,100,uncertainty|uncertainty_ensemble,round_log,Selected among candidate_pool by highest MC-dropout predictive variance on finite(mean_psi) mask.; mc_dropout_mean_pixel_variance,0.23222069913784407,0.5133982575420034,0.4523,False,True,stop_without_threshold,1.0
matrix-v4-20260919,L3-dspy,20260919T051915Z,4,1,205,space_filling|uncertainty|uncertainty_ensemble,round_log,selected for high surrogate uncertainty with diversity penalty; mc_dropout_latent_std_norm,0.561373436004734,0.5078309399585879,1.1054,False,True,continue,1.0
matrix-v4-20260919,L3-dspy,20260919T051915Z,4,2,200,space_filling|uncertainty|uncertainty_ensemble,round_log,selected for high surrogate uncertainty with diversity penalty; mc_dropout_latent_std_norm,0.26606737123632634,0.5078309399585879,0.5239,False,True,continue,1.0
matrix-v4-20260919,L3-dspy,20260919T051915Z,4,3,200,space_filling|uncertainty|uncertainty_ensemble,round_log,selected for high surrogate uncertainty with diversity penalty; mc_dropout_latent_std_norm,0.2807091403717582,0.5078309399585879,0.5528,False,True,stop_without_threshold,1.0
matrix-v4-20260919,L3-dspy,20260919T052726Z,5,1,300,uncertainty|uncertainty_ensemble,round_log,Selected among candidate pool by highest MC-dropout uncertainty in PCA coefficient space.; mc_dropout_mean_std_pca,0.2295572377120777,0.5531333535319003,0.415,False,True,continue,1.0
matrix-v4-20260919,L3-dspy,20260919T052726Z,5,2,100,uncertainty|uncertainty_ensemble,round_log,Selected among candidate pool by highest MC-dropout uncertainty in PCA coefficient space.; mc_dropout_mean_std_pca,0.23812512410167608,0.6088053696330505,0.3911,False,True,continue,1.0
matrix-v4-20260919,L3-dspy,20260919T052726Z,5,3,100,uncertainty|uncertainty_ensemble,round_log,Selected among candidate pool by highest MC-dropout uncertainty in PCA coefficient space.; mc_dropout_mean_std_pca,0.22577618485285575,0.5747836139379837,0.3928,False,True,stop_without_threshold,1.0
matrix-v4-20260919,L3-dspy,20260919T213657Z,7,0,0,,round_log,val_mean <= 0.30 * baseline_mean,0.08320478103003803,0.45391359860304376,0.1833,True,True,stop_threshold_met,
matrix-v4-20260919,L3-dspy,20260919T213657Z,6,1,5,uncertainty|uncertainty_ensemble,round_log,Select highest-uncertainty candidates to reduce model uncertainty; MC-dropout latent variance (mean var over PCA coeffs),0.2432669776338471,0.5227671239429694,0.4653,False,True,stop_without_threshold,1.0
matrix-v4-20260919,L3-dspy,20260919T213657Z,8,1,3,random|uncertainty_ensemble,round_log,Selected among random pool by maximum ensemble disagreement in PCA latent coefficients.; ensemble_latent_variance,2.1333800452878084,0.8658507381871142,2.4639,False,True,stop_without_threshold,1.0
matrix-v4-20260919,L3-dspy,20260919T215135Z,9,1,100,random|uncertainty_ensemble,round_log,Selected among random candidate pool by highest MC-dropout disagreement in PCA coefficient prediction.; mc_dropout_coeff_std_l2; ok,0.18763325976255285,0.4926162132744098,0.3809,False,True,stop_without_threshold,1.0
matrix-v4-20260919,L3-pi,20260919T050413Z,2,1,100,space_filling|uncertainty_ensemble,round_log,ensemble variance in PCA coefficient space (diversity-filtered),0.16076851683554244,0.4906041863580172,0.3277,False,True,continue,1.0
matrix-v4-20260919,L3-pi,20260919T050413Z,2,2,100,space_filling|uncertainty_ensemble,round_log,ensemble variance in PCA coefficient space (diversity-filtered); val<=0.30*baseline,0.09594373469723633,0.48297813699847464,0.1987,True,True,stop_threshold_met,1.0
matrix-v4-20260919,L3-pi,20260919T051309Z,3,1,100,uncertainty_ensemble,round_log,ensemble_disagreement,0.06597557352756853,0.6007802513728759,0.1098,True,True,stop_threshold_met,1.0
matrix-v4-20260919,L3-pi,20260919T053347Z,5,1,100,uncertainty_ensemble,round_log,ensemble_disagreement_var(coeffs),0.11175505326474351,0.4926514528173759,0.2268,True,True,stop_threshold_met,1.0
matrix-v4-20260919,L3-ursa,20260919T050413Z,2,1,0,space_filling|uncertainty|uncertainty_ensemble,round_log,Select top uncertainty points with diversity via farthest-point sampling.; mc_dropout_var+fps,0.3424552331471286,0.4587702733201679,0.7465,False,True,continue,
matrix-v4-20260919,L3-ursa,20260919T050413Z,2,2,0,space_filling|uncertainty|uncertainty_ensemble,round_log,Select top uncertainty points with diversity via farthest-point sampling.; mc_dropout_var+fps,,,,,False,continue,
matrix-v4-20260919,L3-ursa,20260919T050413Z,2,3,0,space_filling|uncertainty|uncertainty_ensemble,round_log,Select top uncertainty points with diversity via farthest-point sampling.; mc_dropout_var+fps,,,,,False,stop_unexplained,
matrix-v4-20260919,L3-ursa,20260919T213658Z,4,1,100,random|uncertainty|uncertainty_ensemble,round_log,"Generate a fixed uniform candidate pool (with geometry validity checks), score each candidate by predictive uncertainty using MC-dropout variance of predicted PCA coefficients, then pick top-100.; Hig",,,,,False,continue,1.0
matrix-v4-20260919,L3-ursa,20260919T213658Z,4,2,100,random|uncertainty|uncertainty_ensemble,round_log,"Generate a fixed uniform candidate pool (with geometry validity checks), score each candidate by predictive uncertainty using MC-dropout variance of predicted PCA coefficients, then pick top-100.; Hig",,,,,False,continue,1.0
matrix-v4-20260919,L3-ursa,20260919T213658Z,4,3,100,random|uncertainty|uncertainty_ensemble,round_log,"Generate a fixed uniform candidate pool (with geometry validity checks), score each candidate by predictive uncertainty using MC-dropout variance of predicted PCA coefficients, then pick top-100.; Hig",,,,,False,stop_unexplained,1.0
