tag,condition,level,harness,run_id,replicate,status,chain,model_primary,acq_classes,n_rounds,criterion_switched,evidence_grounded,stop_decision,adaptive_in_name_only,prose_only,code_acq,code_logic_signature,code_evidence_scope,selection_rule,model_informed,stated_vs_code,only_stated,only_implemented,chooser_where,shape_signature,rel_l2,contract_passed,physically_valid
matrix-v4-20260919,L2-cursor,L2,cursor,20260919T055817Z,1,completed,"lhs -> pca+kernel_ridge -> acq:residual_ucb,space_filling,uncertainty_gp x3 -> stop:val_threshold_70pct",kernel_ridge,residual_ucb|space_filling|uncertainty_gp,3,False,0.0,stop_unexplained,False,False,,acq:?|sel:?|model_informed:?,,,,unverifiable_from_code,residual_ucb|space_filling|uncertainty,,,solve_isolation=in_process_serial | mask_rule=lcfs_polygon,0.21855252516382492,True,True
matrix-v4-20260919,L2-cursor,L2,cursor,20260919T060833Z,2,completed,"lhs -> pca+kernel_ridge -> acq:feasibility,uncertainty,uncertainty_gp x3 -> stop:round_cap,val_threshold_70pct",kernel_ridge,feasibility|uncertainty|uncertainty_gp,3,False,0.0,stop_unexplained,False,False,,acq:?|sel:?|model_informed:?,,,,unverifiable_from_code,feasibility|uncertainty,,,solve_isolation=forked_process,0.1749387088947757,True,True
matrix-v4-20260919,L2-cursor,L2,cursor,20260919T061920Z,3,completed,"sobol -> pca+kernel_ridge -> acq:feasibility,random,residual_ucb,space_filling,uncertainty,uncertainty_gp x3 -> stop:round_cap,val_threshold_70pct",kernel_ridge,,3,,1.0,stop_without_threshold,,False,,acq:?|sel:?|model_informed:?,,,,unverifiable_from_code,feasibility|random|residual_ucb|space_filling|uncertainty,,,solve_isolation=in_process_serial | mask_rule=lcfs_polygon,0.21328650830141233,True,True
matrix-v4-20260919,L2-cursor,L2,cursor,20260919T062726Z,4,completed,"lhs -> pca+kernel_ridge -> acq:feasibility,random,residual_ucb,space_filling,uncertainty x3 -> stop:round_cap,val_threshold_70pct",kernel_ridge,,3,,1.0,stop_without_threshold,,False,,acq:?|sel:?|model_informed:?,,,,unverifiable_from_code,feasibility|random|residual_ucb|space_filling|uncertainty,,,solve_isolation=process_pool | mask_rule=lcfs_polygon,0.2238847765462795,True,True
matrix-v4-20260919,L2-cursor,L2,cursor,20260919T063457Z,5,completed,"lhs -> pca+kernel_ridge -> acq:feasibility,random,residual_ucb,space_filling,uncertainty,uncertainty_gp x3 -> stop:val_threshold_70pct",kernel_ridge,,3,,1.0,stop_without_threshold,,False,,acq:?|sel:?|model_informed:?,,,,unverifiable_from_code,feasibility|random|residual_ucb|space_filling|uncertainty,,,solve_isolation=in_process_serial | mask_rule=lcfs_polygon,0.2335312807502197,True,True
matrix-v4-20260919,L2-dspy,L2,dspy,20260919T055817Z,2,completed,"sobol -> pca+kernel_ridge -> acq:random,residual_ucb,space_filling,uncertainty x3 -> stop:round_cap,val_threshold_70pct",kernel_ridge,random|residual_ucb|space_filling|uncertainty,3,False,1.0,stop_without_threshold,False,False,feasibility|residual_ucb|space_filling|uncertainty|uncertainty_gp,"acq:feasibility,residual_ucb,space_filling,uncertainty,uncertainty_gp|sel:top_k|model_informed:yes",file,top_k,True,partial,random,feasibility,scripts/adaptive_campaign.py; scripts/init_campaign.py,solve_isolation=in_process_serial,0.19040995991012805,True,False
matrix-v4-20260919,L2-dspy,L2,dspy,20260919T055817Z,1,completed,"sobol -> pca+kernel_ridge -> acq:residual_ucb,uncertainty x3 -> stop:plateau,round_cap,val_threshold_70pct",kernel_ridge,residual_ucb|uncertainty,3,False,1.0,stop_without_threshold,False,False,feasibility|random|residual_ucb|space_filling|uncertainty|uncertainty_gp,"acq:feasibility,random,residual_ucb,space_filling,uncertainty,uncertainty_gp|sel:?|model_informed:yes",file,,True,partial,,feasibility|space_filling,scripts/adaptive_campaign.py; src/campaign.py,solve_isolation=in_process_serial | mask_rule=training_valid_mask,0.463831260103814,True,True
matrix-v4-20260919,L2-dspy,L2,dspy,20260919T061334Z,3,completed,"lhs -> pca+kernel_ridge -> acq:feasibility,residual_ucb,uncertainty,uncertainty_gp x3 -> stop:round_cap,val_threshold_70pct",kernel_ridge,feasibility|residual_ucb|uncertainty|uncertainty_gp,3,True,1.0,stop_without_threshold,False,False,feasibility|residual_ucb|uncertainty|uncertainty_gp,"acq:feasibility,residual_ucb,uncertainty,uncertainty_gp|sel:?|model_informed:yes",file,,True,agree,,,scripts/adaptive_campaign.py,solve_isolation=in_process_serial | mask_rule=lcfs_polygon,0.3445797392845173,True,False
matrix-v4-20260919,L2-dspy,L2,dspy,20260919T062235Z,4,completed,"sobol -> pca+kernel_ridge -> acq:feasibility,residual_ucb,uncertainty x3 -> stop:round_cap,val_threshold_70pct",kernel_ridge,feasibility|residual_ucb|uncertainty,3,False,0.0,stop_unexplained,False,False,feasibility|residual_ucb|space_filling|uncertainty_gp,"acq:feasibility,residual_ucb,space_filling,uncertainty_gp|sel:?|model_informed:yes",file,,True,partial,,space_filling,scripts/run_adaptive_campaign.py,solve_isolation=in_process_serial,0.4491124308364182,True,True
matrix-v4-20260919,L2-dspy,L2,dspy,20260919T062801Z,5,completed,sobol -> pca+ridge_linear[deep_ensemble] -> acq:uncertainty_ensemble x3 -> stop:val_threshold_70pct,ridge_linear,uncertainty_ensemble,3,False,1.0,stop_without_threshold,False,False,feasibility|random|residual_ucb|space_filling|uncertainty|uncertainty_ensemble,"acq:feasibility,random,residual_ucb,space_filling,uncertainty,uncertainty_ensemble|sel:random_draw,top_k|model_informed:yes",file,random_draw|top_k,True,partial,,feasibility|residual_ucb|space_filling,scripts/adaptive_campaign.py,solve_isolation=in_process_serial | mask_rule=training_valid_mask,0.9903585328078263,True,False
matrix-v4-20260919,L2-dspy,L2,dspy,20260919T223721Z,,killed,,,,,,,,,False,,,,,,,,,,,,False,
matrix-v4-20260919,L2-dspy,L2,dspy,20260919T223721Z-2,,killed,,,,,,,,,False,,,,,,,,,,,,False,
matrix-v4-20260919,L2-dspy,L2,dspy,20260919T223721Z-3,,killed,,,,,,,,,False,,,,,,,,,,,,False,
matrix-v4-20260919,L2-dspy,L2,dspy,20260919T232811Z,,killed,,,,,,,,,False,,,,,,,,,,,,False,
matrix-v4-20260919,L2-dspy,L2,dspy,20260919T232811Z-2,,killed,,,,,,,,,False,,,,,,,,,,,,False,
matrix-v4-20260919,L2-dspy,L2,dspy,20260920T040327Z,7,completed,"lhs -> pca+kernel_ridge[deep_ensemble] -> acq:space_filling,uncertainty_ensemble x3 -> stop:round_cap,val_threshold_70pct",kernel_ridge,space_filling|uncertainty_ensemble,3,False,1.0,stop_without_threshold,False,True,feasibility|random|residual_ucb|space_filling|uncertainty|uncertainty_ensemble|uncertainty_gp,"acq:feasibility,random,residual_ucb,space_filling,uncertainty,uncertainty_ensemble,uncertainty_gp|sel:top_k|model_informed:yes",file,top_k,True,partial,,feasibility|residual_ucb,scripts/adaptive_campaign.py; src/autosurr/campaign.py,solve_isolation=in_process_serial | mask_rule=training_valid_mask,0.5562501948708263,True,True
matrix-v4-20260919,L2-dspy,L2,dspy,20260920T040327Z,6,completed,sobol -> pca+ridge_linear[deep_ensemble] -> acq:space_filling x3 -> stop:val_threshold_70pct,ridge_linear,space_filling,3,False,1.0,stop_without_threshold,False,True,space_filling,"acq:space_filling|sel:random_draw,top_k|model_informed:yes",function,random_draw|top_k,True,agree,,,scripts/adaptive_campaign.py:187,solve_isolation=in_process_serial,0.3961806299985998,True,False
matrix-v4-20260919,L2-dspy,L2,dspy,20260920T042457Z,8,completed,"lhs -> pca+kernel_ridge -> acq:feasibility,residual_ucb,uncertainty x3 -> stop:val_threshold_70pct",kernel_ridge,feasibility|residual_ucb|uncertainty,3,False,0.0,stop_unexplained,False,True,feasibility|random|residual_ucb|space_filling|uncertainty_gp,"acq:feasibility,random,residual_ucb,space_filling,uncertainty_gp|sel:?|model_informed:yes",file,,True,partial,,space_filling,scripts/adaptive_campaign.py; src/campaign.py,solve_isolation=in_process_serial | mask_rule=training_valid_mask,0.4330927844723863,True,True
matrix-v4-20260919,L2-dspy,L2,dspy,20260920T042722Z,9,completed,"sobol -> pca+kernel_ridge -> acq:feasibility,random,residual_ucb,space_filling,uncertainty_gp x3 -> stop:round_cap,val_threshold_70pct",kernel_ridge,,3,,1.0,stop_without_threshold,,False,feasibility|random|residual_ucb|space_filling|uncertainty|uncertainty_gp,"acq:feasibility,random,residual_ucb,space_filling,uncertainty,uncertainty_gp|sel:top_k|model_informed:yes",file,top_k,True,partial,random,,scripts/adaptive_campaign.py; src/campaign.py,solve_isolation=in_process_serial,0.19025519783821154,True,False
matrix-v4-20260919,L2-dspy,L2,dspy,20260920T043113Z,10,completed,"lhs -> pca+random_forest[deep_ensemble] -> acq:space_filling x2 -> stop:round_cap,val_threshold_70pct",random_forest,space_filling,2,False,0.0,stop_unexplained,False,False,space_filling|uncertainty|uncertainty_ensemble,"acq:space_filling,uncertainty,uncertainty_ensemble|sel:threshold,top_k|model_informed:yes",function,threshold|top_k,True,partial,,uncertainty,scripts/run_adaptive_campaign.py:119,solve_isolation=forked_process,0.26330700058891626,True,True
matrix-v4-20260919,L2-pi,L2,pi,20260919T055817Z,1,completed,"lhs -> pca+kernel_ridge -> acq:feasibility,residual_ucb,uncertainty x3 -> stop:round_cap",kernel_ridge,feasibility|residual_ucb|uncertainty,3,False,0.0,stop_unexplained,False,False,,acq:?|sel:?|model_informed:?,,,,unverifiable_from_code,feasibility|residual_ucb|uncertainty,,,solve_isolation=process_pool | mask_rule=lcfs_polygon,0.19643654768289173,True,True
matrix-v4-20260919,L2-pi,L2,pi,20260919T060558Z,2,completed,"sobol -> pca+kernel_ridge -> acq:feasibility,random,residual_ucb,uncertainty,uncertainty_gp x3 -> stop:round_cap",kernel_ridge,feasibility|random|residual_ucb|uncertainty|uncertainty_gp,3,False,1.0,stop_without_threshold,False,True,,acq:?|sel:?|model_informed:?,,,,unverifiable_from_code,feasibility|random|residual_ucb|uncertainty,,,solve_isolation=in_process_serial | mask_rule=lcfs_polygon,0.18683682539656174,True,True
matrix-v4-20260919,L2-pi,L2,pi,20260919T061439Z,3,completed,"sobol -> pca+kernel_ridge -> acq:residual_ucb,space_filling,uncertainty,uncertainty_gp x3 -> stop:val_threshold_70pct",kernel_ridge,residual_ucb|space_filling|uncertainty|uncertainty_gp,3,False,1.0,stop_without_threshold,,False,,acq:?|sel:?|model_informed:?,,,,unverifiable_from_code,residual_ucb|space_filling|uncertainty,,,solve_isolation=in_process_serial | mask_rule=lcfs_polygon,0.2107828788534296,True,True
matrix-v4-20260919,L2-pi,L2,pi,20260919T062656Z,4,completed,"lhs -> pca+kernel_ridge -> acq:feasibility,residual_ucb,uncertainty,uncertainty_gp x3 -> stop:val_threshold_70pct",kernel_ridge,feasibility|residual_ucb|uncertainty|uncertainty_gp,3,True,1.0,stop_without_threshold,False,True,,acq:?|sel:?|model_informed:?,,,,unverifiable_from_code,feasibility|residual_ucb|uncertainty,,,mask_rule=lcfs_polygon,0.18777090657544476,True,True
matrix-v4-20260919,L2-pi,L2,pi,20260919T063307Z,5,completed,"sobol -> pca+kernel_ridge -> acq:feasibility,uncertainty_gp x3 -> stop:val_threshold_70pct",kernel_ridge,feasibility|uncertainty_gp,3,False,1.0,stop_without_threshold,False,False,,acq:?|sel:?|model_informed:?,,,,unverifiable_from_code,feasibility|uncertainty,,,solve_isolation=in_process_serial | mask_rule=lcfs_polygon,0.1672271286815744,True,True
matrix-v4-20260919,L2-ursa,L2,ursa,20260919T055817Z,2,completed,"lhs -> pca+ridge_linear -> acq:feasibility,random,residual_ucb,space_filling,uncertainty,uncertainty_gp -> stop:val_threshold_70pct",ridge_linear,,,,,,,False,feasibility|space_filling|uncertainty,"acq:feasibility,space_filling,uncertainty|sel:top_k|model_informed:yes",function,top_k,True,partial,random|residual_ucb,,adaptive_acquisition.py:96; adaptive_acquisition.py:138; final_train.py:75,solve_isolation=in_process_serial | mask_rule=training_valid_mask,0.21757950296692657,True,True
matrix-v4-20260919,L2-ursa,L2,ursa,20260919T055817Z,1,completed,sobol -> pca+kernel_ridge -> acq:uncertainty x3 -> stop:val_threshold_70pct,kernel_ridge,uncertainty,3,False,0.333,stop_unexplained,False,True,feasibility|random|space_filling,"acq:feasibility,random,space_filling|sel:?|model_informed:no",file,,False,mismatch,uncertainty,feasibility|space_filling,adaptive_campaign.py,solve_isolation=in_process_serial | mask_rule=training_valid_mask,0.9857026208873716,True,False
matrix-v4-20260919,L2-ursa,L2,ursa,20260919T223721Z,4,errored,? -> ? -> acq:? -> stop:?,,,,,,,,False,,acq:?|sel:?|model_informed:?,,,,unverifiable_from_code,,,,,,False,
matrix-v4-20260919,L2-ursa,L2,ursa,20260919T223721Z,3,errored,? -> ? -> acq:? -> stop:?,,,,,,,,False,,acq:?|sel:?|model_informed:?,,,,unverifiable_from_code,,,,,,False,
matrix-v4-20260919,L2-ursa,L2,ursa,20260919T223721Z,5,errored,? -> ? -> acq:? -> stop:?,,,,,,,,False,,acq:?|sel:?|model_informed:?,,,,unverifiable_from_code,,,,,,False,
matrix-v4-20260919,L2-ursa,L2,ursa,20260920T040328Z,3,completed,"uniform_random -> pca+mlp_sklearn -> acq:uncertainty_gp x3 -> stop:plateau,round_cap,val_threshold_70pct",mlp_sklearn,uncertainty_gp,3,False,0.0,stop_unexplained,False,True,feasibility,acq:feasibility|sel:?|model_informed:no,function,,False,mismatch,uncertainty,feasibility,finalize_val_test.py:35,solve_isolation=in_process_serial | mask_rule=training_valid_mask,2.494086679169143,True,False
matrix-v4-20260919,L2-ursa,L2,ursa,20260920T040328Z,4,completed,"sobol -> pca+kernel_ridge -> acq:residual_ucb,space_filling,uncertainty x3 -> stop:round_cap,val_threshold_70pct",kernel_ridge,residual_ucb|space_filling|uncertainty,3,False,1.0,stop_without_threshold,False,False,feasibility|random|residual_ucb|space_filling|uncertainty,"acq:feasibility,random,residual_ucb,space_filling,uncertainty|sel:?|model_informed:yes",file,,True,partial,,feasibility,adaptive_campaign.py,solve_isolation=in_process_serial | mask_rule=lcfs_polygon,0.23455187781970152,True,True
matrix-v4-20260919,L2-ursa,L2,ursa,20260920T040328Z,5,completed,"sobol -> pca+ridge_linear -> acq:feasibility,random,residual_ucb,space_filling,uncertainty_gp -> stop:?",ridge_linear,,,,,,,False,feasibility|random|space_filling,"acq:feasibility,random,space_filling|sel:?|model_informed:no",file,,False,partial,random|residual_ucb|uncertainty,,acquire_round.py; fresh_run/acquire_round.py; fresh_run/sampling.py,solve_isolation=in_process_serial | mask_rule=solver_native_nan,,False,
matrix-v4-20260919,L3-cursor,L3,cursor,20260919T043726Z,1,completed,"lhs -> pca+mlp_torch[mc_dropout] -> acq:space_filling,uncertainty,uncertainty_ensemble x1 -> stop:val_threshold_70pct",mlp_torch,space_filling|uncertainty|uncertainty_ensemble,1,False,1.0,stop_threshold_met,False,False,space_filling|uncertainty|uncertainty_ensemble,"acq:space_filling,uncertainty,uncertainty_ensemble|sel:top_k|model_informed:yes",function,top_k,True,agree,,,run_one_adaptive_round.py:43; run_pipeline.py:108; surrogate.py:209,oft_env_strategy=singleton_reused | solve_isolation=process_pool | mask_rule=lcfs_polygon | grid_mapping=solver_field_eval,0.07658373522259866,True,True
matrix-v4-20260919,L3-cursor,L3,cursor,20260919T050413Z,2,completed,"lhs -> mlp_torch[mc_dropout] -> acq:uncertainty_ensemble x1 -> stop:round_cap,val_threshold_70pct",mlp_torch,uncertainty_ensemble,1,False,1.0,stop_threshold_met,False,False,uncertainty|uncertainty_ensemble,"acq:uncertainty,uncertainty_ensemble|sel:top_k|model_informed:yes",function,top_k,True,agree,,,acquisition.py:31,oft_env_strategy=singleton_reused | solve_isolation=in_process_serial | mask_rule=lcfs_polygon+solver_native_nan+training_valid_mask | grid_mapping=solver_field_eval,0.06218587128465592,True,True
matrix-v4-20260919,L3-cursor,L3,cursor,20260919T051309Z,3,completed,"lhs -> pca+mlp_torch[deep_ensemble] -> acq:random,uncertainty_ensemble x1 -> stop:val_threshold_70pct",mlp_torch,random|uncertainty_ensemble,1,False,1.0,stop_threshold_met,False,False,feasibility|uncertainty|uncertainty_ensemble,"acq:feasibility,uncertainty,uncertainty_ensemble|sel:top_k|model_informed:yes",function,top_k,True,partial,random,feasibility,run_pipeline.py:196; surrogate.py:239,oft_env_strategy=singleton_reused | solve_isolation=in_process_serial | mask_rule=lcfs_polygon+solver_native_nan | grid_mapping=solver_field_eval,0.06922261171635183,True,True
matrix-v4-20260919,L3-cursor,L3,cursor,20260919T052456Z,4,completed,"lhs -> per_pixel+mlp_torch[mc_dropout] -> acq:uncertainty,uncertainty_ensemble x1 -> stop:round_cap",mlp_torch,uncertainty|uncertainty_ensemble,1,False,1.0,stop_threshold_met,False,False,uncertainty|uncertainty_ensemble,"acq:uncertainty,uncertainty_ensemble|sel:top_k|model_informed:yes",function,top_k,True,agree,,,active_sampling.py:21,oft_env_strategy=singleton_reused | solve_isolation=in_process_serial | mask_rule=lcfs_polygon | grid_mapping=solver_field_eval,0.06709264858078863,True,True
matrix-v4-20260919,L3-cursor,L3,cursor,20260919T053427Z,5,completed,lhs -> per_pixel+mlp_torch[deep_ensemble] -> acq:uncertainty_ensemble x2 -> stop:round_cap,mlp_torch,uncertainty_ensemble,2,False,1.0,stop_threshold_met,False,False,uncertainty|uncertainty_ensemble,"acq:uncertainty,uncertainty_ensemble|sel:top_k|model_informed:yes",function,top_k,True,agree,,,run_pipeline.py:86,oft_env_strategy=singleton_reused | solve_isolation=process_pool | mask_rule=lcfs_polygon,0.2120952961368435,True,True
matrix-v4-20260919,L3-dspy,L3,dspy,20260919T043726Z,1,completed,"lhs -> mlp_torch[mc_dropout] -> acq:uncertainty,uncertainty_ensemble x3 -> stop:plateau,round_cap,val_threshold_70pct",mlp_torch,uncertainty|uncertainty_ensemble,3,False,1.0,stop_without_threshold,False,False,feasibility|residual_ucb|uncertainty|uncertainty_ensemble,"acq:feasibility,residual_ucb,uncertainty,uncertainty_ensemble|sel:top_k|model_informed:yes",file,top_k,True,partial,,feasibility|residual_ucb,scripts/run_adaptive_campaign.py,oft_env_strategy=singleton_reused | solve_isolation=in_process_serial | mask_rule=lcfs_polygon | grid_mapping=solver_field_eval,0.1975320006813635,True,False
matrix-v4-20260919,L3-dspy,L3,dspy,20260919T050413Z,3,completed,"lhs -> pca+mlp_torch[mc_dropout] -> acq:uncertainty,uncertainty_ensemble x1 -> stop:plateau,round_cap,val_threshold_70pct",mlp_torch,uncertainty|uncertainty_ensemble,1,False,1.0,stop_threshold_met,False,False,feasibility|residual_ucb|uncertainty|uncertainty_ensemble,"acq:feasibility,residual_ucb,uncertainty,uncertainty_ensemble|sel:top_k|model_informed:yes",file,top_k,True,partial,,feasibility|residual_ucb,scripts/run_adaptive_campaign.py,oft_env_strategy=singleton_reused | solve_isolation=in_process_serial | mask_rule=training_valid_mask | grid_mapping=solver_field_eval,0.07354108235545682,True,False
matrix-v4-20260919,L3-dspy,L3,dspy,20260919T050413Z,2,completed,"lhs -> autoencoder+mlp_torch[mc_dropout] -> acq:uncertainty,uncertainty_ensemble x3 -> stop:plateau,round_cap,val_threshold_70pct",mlp_torch,uncertainty|uncertainty_ensemble,3,False,1.0,stop_without_threshold,False,False,random,"acq:random|sel:threshold,top_k|model_informed:no",file,threshold|top_k,False,mismatch,uncertainty,random,scripts/run_adaptive_campaign.py,oft_env_strategy=singleton_reused | solve_isolation=in_process_serial | mask_rule=lcfs_polygon+training_valid_mask | grid_mapping=solver_field_eval,0.20667240028231537,True,False
matrix-v4-20260919,L3-dspy,L3,dspy,20260919T051915Z,4,completed,"lhs -> pca+mlp_torch[mc_dropout] -> acq:space_filling,uncertainty,uncertainty_ensemble x3 -> stop:plateau,val_threshold_70pct",mlp_torch,space_filling|uncertainty|uncertainty_ensemble,3,False,1.0,stop_without_threshold,False,False,space_filling,acq:space_filling|sel:?|model_informed:no,function,,False,partial,uncertainty,,scripts/run_adaptive_campaign.py:74,oft_env_strategy=singleton_reused | solve_isolation=in_process_serial | mask_rule=lcfs_polygon+training_valid_mask | grid_mapping=solver_field_eval,0.240032296889552,True,False
matrix-v4-20260919,L3-dspy,L3,dspy,20260919T052726Z,5,completed,"lhs -> pca+mlp_torch[mc_dropout] -> acq:uncertainty,uncertainty_ensemble x3 -> stop:round_cap,val_threshold_70pct",mlp_torch,uncertainty|uncertainty_ensemble,3,False,1.0,stop_without_threshold,False,False,feasibility|residual_ucb|uncertainty|uncertainty_ensemble,"acq:feasibility,residual_ucb,uncertainty,uncertainty_ensemble|sel:top_k|model_informed:yes",file,top_k,True,partial,,feasibility|residual_ucb,scripts/run_adaptive_campaign.py,oft_env_strategy=singleton_reused | solve_isolation=forked_process | mask_rule=lcfs_polygon+training_valid_mask | grid_mapping=solver_field_eval,0.2293554237088339,True,True
matrix-v4-20260919,L3-dspy,L3,dspy,20260919T213657Z,7,completed,"lhs -> mlp_torch[mc_dropout] -> acq:feasibility,random,space_filling,uncertainty,uncertainty_ensemble x1 -> stop:round_cap,val_threshold_70pct",mlp_torch,,1,,1.0,stop_threshold_met,,False,random|space_filling|uncertainty|uncertainty_ensemble,"acq:random,space_filling,uncertainty,uncertainty_ensemble|sel:top_k|model_informed:yes",function,top_k,True,partial,feasibility|random,,scripts/run_adaptive_campaign.py:66; src/data.py:39,oft_env_strategy=singleton_reused | solve_isolation=process_pool | mask_rule=lcfs_polygon | grid_mapping=solver_field_eval,0.05352595088444609,True,True
matrix-v4-20260919,L3-dspy,L3,dspy,20260919T213657Z,6,completed,"lhs -> autoencoder+mlp_torch[mc_dropout] -> acq:uncertainty,uncertainty_ensemble x1 -> stop:round_cap,val_threshold_70pct",mlp_torch,uncertainty|uncertainty_ensemble,1,False,1.0,stop_without_threshold,False,False,feasibility|residual_ucb|uncertainty|uncertainty_ensemble,"acq:feasibility,residual_ucb,uncertainty,uncertainty_ensemble|sel:threshold,top_k|model_informed:yes",file,threshold|top_k,True,partial,,feasibility|residual_ucb,scripts/run_adaptive_campaign.py,oft_env_strategy=singleton_reused | solve_isolation=process_pool | mask_rule=lcfs_polygon+solver_native_nan+training_valid_mask | grid_mapping=scipy_interpolator,0.1646405327200277,True,False
matrix-v4-20260919,L3-dspy,L3,dspy,20260919T213657Z,8,completed,"lhs -> autoencoder+mlp_torch[deep_ensemble] -> acq:random,uncertainty_ensemble x1 -> stop:round_cap,val_threshold_70pct",mlp_torch,random|uncertainty_ensemble,1,False,1.0,stop_without_threshold,False,False,uncertainty|uncertainty_ensemble,"acq:uncertainty,uncertainty_ensemble|sel:top_k|model_informed:yes",function,top_k,True,partial,random,,scripts/run_adaptive_campaign.py:76,oft_env_strategy=singleton_reused | solve_isolation=in_process_serial | mask_rule=lcfs_polygon | grid_mapping=solver_field_eval,0.9637409703818152,True,False
matrix-v4-20260919,L3-dspy,L3,dspy,20260919T215135Z,9,completed,"lhs -> pca+mlp_torch[mc_dropout] -> acq:random,uncertainty_ensemble x1 -> stop:val_threshold_70pct",mlp_torch,random|uncertainty_ensemble,1,False,1.0,stop_without_threshold,False,False,space_filling|uncertainty|uncertainty_ensemble,"acq:space_filling,uncertainty,uncertainty_ensemble|sel:top_k|model_informed:yes",function,top_k,True,partial,random,space_filling,scripts/run_adaptive_campaign.py:65,oft_env_strategy=singleton_reused | solve_isolation=in_process_serial | mask_rule=lcfs_polygon | grid_mapping=solver_field_eval,0.1995541334347026,True,True
matrix-v4-20260919,L3-dspy,L3,dspy,20260919T215725Z,10,completed,"lhs -> pca+mlp_torch[mc_dropout] -> acq:feasibility,random,space_filling,uncertainty,uncertainty_ensemble -> stop:val_threshold_70pct",mlp_torch,,,,,,,False,uncertainty|uncertainty_ensemble,"acq:uncertainty,uncertainty_ensemble|sel:?|model_informed:yes",function,,True,partial,feasibility|random|space_filling,,src/model.py:192,oft_env_strategy=singleton_reused | solve_isolation=process_pool | mask_rule=lcfs_polygon+training_valid_mask | grid_mapping=solver_field_eval,0.13682553808491751,True,True
matrix-v4-20260919,L3-pi,L3,pi,20260919T043726Z,1,completed,"lhs -> pca+mlp_torch[deep_ensemble] -> acq:feasibility,random,space_filling,uncertainty_ensemble -> stop:round_cap,val_threshold_70pct",mlp_torch,,,,,,,False,uncertainty|uncertainty_ensemble,"acq:uncertainty,uncertainty_ensemble|sel:?|model_informed:yes",function,,True,partial,feasibility|random|space_filling,,surrogate_model.py:230,oft_env_strategy=singleton_reused | solve_isolation=subprocess_per_batch | mask_rule=lcfs_polygon | grid_mapping=solver_field_eval,0.12985269962089993,True,True
matrix-v4-20260919,L3-pi,L3,pi,20260919T050413Z,2,completed,"lhs -> pca+mlp_torch[deep_ensemble] -> acq:space_filling,uncertainty_ensemble x2 -> stop:round_cap,val_threshold_70pct",mlp_torch,space_filling|uncertainty_ensemble,2,False,1.0,stop_threshold_met,False,False,space_filling|uncertainty|uncertainty_ensemble,"acq:space_filling,uncertainty,uncertainty_ensemble|sel:top_k|model_informed:yes",function,top_k,True,agree,,,gs_surrogate/campaign.py:165; gs_surrogate/model.py:230,oft_env_strategy=singleton_reused | solve_isolation=in_process_serial | mask_rule=lcfs_polygon | grid_mapping=solver_field_eval,0.11245094428011984,True,True
matrix-v4-20260919,L3-pi,L3,pi,20260919T051309Z,3,completed,"lhs -> per_pixel+mlp_torch[bagging+deep_ensemble] -> acq:uncertainty_ensemble x1 -> stop:round_cap,val_threshold_70pct",mlp_torch,uncertainty_ensemble,1,False,1.0,stop_threshold_met,False,False,uncertainty|uncertainty_ensemble,"acq:uncertainty,uncertainty_ensemble|sel:?|model_informed:yes",function,,True,agree,,,model_surrogate.py:195,oft_env_strategy=singleton_reused | solve_isolation=subprocess_per_batch | mask_rule=lcfs_polygon+training_valid_mask | grid_mapping=solver_field_eval,0.06208617021645329,True,True
matrix-v4-20260919,L3-pi,L3,pi,20260919T052256Z,4,completed,"lhs -> mlp_torch[bagging+deep_ensemble] -> acq:feasibility,random,space_filling,uncertainty,uncertainty_ensemble -> stop:val_threshold_70pct",mlp_torch,,,,,,,False,random|space_filling|uncertainty|uncertainty_ensemble,"acq:random,space_filling,uncertainty,uncertainty_ensemble|sel:random_draw,top_k|model_informed:yes",function,random_draw|top_k,True,partial,feasibility|random,,sampling.py:64,oft_env_strategy=singleton_reused | solve_isolation=subprocess_per_batch | mask_rule=lcfs_polygon | grid_mapping=solver_field_eval,0.07777947358040625,True,True
matrix-v4-20260919,L3-pi,L3,pi,20260919T053347Z,5,completed,lhs -> pca+mlp_torch[deep_ensemble] -> acq:uncertainty_ensemble x1 -> stop:val_threshold_70pct,mlp_torch,uncertainty_ensemble,1,False,1.0,stop_threshold_met,False,False,uncertainty|uncertainty_ensemble,"acq:uncertainty,uncertainty_ensemble|sel:?|model_informed:yes",function,,True,agree,,,surrogate_model.py:160,oft_env_strategy=singleton_reused | solve_isolation=in_process_serial | mask_rule=lcfs_polygon | grid_mapping=solver_field_eval,0.10518886161209957,True,True
matrix-v4-20260919,L3-ursa,L3,ursa,20260919T043726Z,1,timeout,"uniform_random -> ? -> acq:feasibility,gradient_sensitivity,random -> stop:?",,,,,,,,False,,acq:?|sel:?|model_informed:?,,,,unverifiable_from_code,feasibility|gradient_sensitivity|random,,,oft_env_strategy=singleton_reused | solve_isolation=in_process_serial | mask_rule=lcfs_polygon+training_valid_mask | grid_mapping=solver_field_eval,,False,
matrix-v4-20260919,L3-ursa,L3,ursa,20260919T050413Z,1,completed,"maximin -> pca+mlp_torch[deep_ensemble] -> acq:feasibility,gradient_sensitivity,random,space_filling,uncertainty,uncertainty_ensemble -> stop:budget,plateau,round_cap",mlp_torch,,,,,,,False,space_filling|uncertainty,"acq:space_filling,uncertainty|sel:top_k|model_informed:yes",function,top_k,True,partial,feasibility|gradient_sensitivity|random,,adaptive_sampling.py:65; adaptive_sampling.py:134; adaptive_sampling.py:165,oft_env_strategy=singleton_reused | solve_isolation=in_process_serial | mask_rule=lcfs_polygon+training_valid_mask | grid_mapping=solver_field_eval,1.0842075174794357,True,False
matrix-v4-20260919,L3-ursa,L3,ursa,20260919T050413Z,2,completed,"lhs -> per_pixel+mlp_torch[deep_ensemble+mc_dropout] -> acq:space_filling,uncertainty,uncertainty_ensemble x3 -> stop:round_cap,val_threshold_70pct",mlp_torch,space_filling|uncertainty|uncertainty_ensemble,3,False,0.333,stop_unexplained,False,False,feasibility,acq:feasibility|sel:?|model_informed:no,function,,False,mismatch,space_filling|uncertainty,feasibility,make_splits.py:72,oft_env_strategy=singleton_reused | solve_isolation=in_process_serial | mask_rule=lcfs_polygon+psi_norm_threshold+training_valid_mask | grid_mapping=solver_field_eval,0.019039463375530356,True,True
matrix-v4-20260919,L3-ursa,L3,ursa,20260919T213658Z,3,completed,"lhs -> mlp_torch[deep_ensemble] -> acq:feasibility,random,space_filling,uncertainty,uncertainty_ensemble -> stop:budget,plateau,val_threshold_70pct",mlp_torch,,,,,,,False,feasibility|random|uncertainty|uncertainty_ensemble,"acq:feasibility,random,uncertainty,uncertainty_ensemble|sel:top_k|model_informed:yes",function,top_k,True,partial,random|space_filling,,acquisition/adaptive_acquisition.py:99; acquisition/adaptive_acquisition.py:120,oft_env_strategy=singleton_reused | solve_isolation=in_process_serial | mask_rule=lcfs_polygon+solver_native_nan | grid_mapping=solver_field_eval,0.17099867436180685,True,True
matrix-v4-20260919,L3-ursa,L3,ursa,20260919T213658Z,5,completed,"lhs -> per_pixel+mlp_torch[mc_dropout] -> acq:feasibility,gradient_sensitivity,random,space_filling,uncertainty,uncertainty_ensemble -> stop:plateau,round_cap,val_threshold_70pct",mlp_torch,,,,,,,False,space_filling|uncertainty|uncertainty_ensemble,"acq:space_filling,uncertainty,uncertainty_ensemble|sel:top_k|model_informed:yes",function,top_k,True,partial,feasibility|gradient_sensitivity|random,,acquisition.py:106; acquisition.py:166,oft_env_strategy=singleton_reused | solve_isolation=forked_process | mask_rule=lcfs_polygon+psi_norm_threshold+training_valid_mask | grid_mapping=solver_field_eval,0.23417957349909596,True,True
matrix-v4-20260919,L3-ursa,L3,ursa,20260919T213658Z,4,completed,"lhs -> pca+mlp_torch[deep_ensemble+mc_dropout] -> acq:random,uncertainty,uncertainty_ensemble x3 -> stop:val_threshold_70pct",mlp_torch,random|uncertainty|uncertainty_ensemble,3,False,0.0,stop_unexplained,False,False,feasibility|uncertainty|uncertainty_ensemble,"acq:feasibility,uncertainty,uncertainty_ensemble|sel:top_k|model_informed:yes",function,top_k,True,partial,random,feasibility,acquisition.py:26; acquisition.py:157; smoke_run/acquisition.py:26,oft_env_strategy=singleton_reused | solve_isolation=forked_process | mask_rule=solver_native_nan | grid_mapping=solver_field_eval,0.960115868782243,True,False
