dimension,question,L2-cursor,L2-dspy,L2-pi,L2-ursa,L3-cursor,L3-dspy,L3-pi,L3-ursa,n_distinct,agreement
code_shape,One script or a module tree?,single_script (3/5),14_modules (5/10),single_script,15_modules (1/5),8_modules (2/5),11_modules (5/10),9_modules (2/5),7_modules (1/6),7,mixed
entry_point,How would a stranger run it?,2_runnable_scripts (4/5),10_runnable_scripts (4/10),2_runnable_scripts,9_runnable_scripts (1/5),3_runnable_scripts (3/5),7_runnable_scripts (4/10),2_runnable_scripts (3/5),10_runnable_scripts (2/6),5,mixed
grid_mapping,How does the triangular mesh reach the frozen 64x96 grid?,-,-,-,-,solver_field_eval,solver_field_eval (9/10),solver_field_eval,solver_field_eval,1,mixed
mask_rule,How is 'no plasma here' decided when writing NaN?,lcfs_polygon,training_valid_mask (4/5),lcfs_polygon,training_valid_mask (3/5),lcfs_polygon (3/5),lcfs_polygon (4/10),lcfs_polygon (4/5),lcfs_polygon+training_valid_mask (2/6),3,mixed
mesh_route,"Meshed through the OFT API, or hand-built (which the task forbids)?",oft_gs_domain,-,-,oft_gs_domain,oft_gs_domain,oft_gs_domain,oft_gs_domain,oft_gs_domain,1,mixed
oft_env_strategy,"OFT allows one OFT_env per process, ever. Who owns it?",-,-,-,-,singleton_reused,singleton_reused,singleton_reused,singleton_reused,1,mixed
self_test,Was the documented predict.py CLI re-run in a fresh process?,subprocess_reruns_predict (3/5),subprocess_reruns_predict (6/10),imported_not_subprocessed (4/5),subprocess_reruns_predict (4/5),imported_not_subprocessed (3/4),imported_not_subprocessed,subprocess_reruns_predict (3/5),subprocess_reruns_predict (4/5),2,mixed
solve_isolation,What insulates one solve from the next?,in_process_serial (3/5),in_process_serial (9/10),in_process_serial (3/4),in_process_serial,in_process_serial (3/5),in_process_serial (6/10),subprocess_per_batch (3/5),in_process_serial (4/6),2,mixed
storage,"What is a solved sample on disk, and is it indexed?",npz_per_solve+pickle (3/5),npz_per_solve+hdf5 (9/10),npz_per_solve+pickle (4/5),npz_per_solve+hdf5+index (3/5),npz_per_solve+pickle (3/5),npz_per_solve+pickle+index,npz_per_solve+pickle (3/5),npz_per_solve+pickle+index (3/6),4,mixed
leakage_guard,Does the test set stay out of the functions that fit the model?,test_absent_from_fitting_functions,test_absent_from_fitting_functions,test_absent_from_fitting_functions (2/3),test_absent_from_fitting_functions,test_absent_from_fitting_functions,test_absent_from_fitting_functions,test_absent_from_fitting_functions,test_absent_from_fitting_functions,1,all_same
pilot_gate,"Was the mandated pilot run, and was its 50% threshold enforced?",enforced,enforced,enforced,enforced (4/5),enforced,enforced,enforced,enforced,1,all_same
storage_validation,Is a solve counted only after its file re-loads finite?,reload_and_check_finite,reload_and_check_finite,reload_and_check_finite (3/4),reload_and_check_finite,reload_and_check_finite (4/5),reload_and_check_finite,reload_and_check_finite (4/5),reload_and_check_finite,1,all_same
